created_at	text
Wed Jan 27 22:12:33 +0000 2021	It once held a lake. And what we're going to do, as soon as we get there, is to explore the rocks that were deposi‚Ä¶ https://t.co/UW9wngvx4C
Wed Jan 27 22:00:09 +0000 2021	I asked the team [...] to come up with something that would symbolize, to mark this challenge and thank in particu‚Ä¶ https://t.co/QH235r9zjq
Wed Jan 27 21:46:25 +0000 2021	Perseverance is the very first rover designed to seek signs of past microbial life, by collecting and caching rock‚Ä¶ https://t.co/nn72OHRVv6
Wed Jan 27 21:30:27 +0000 2021	üî¥ LIVE: Tune in for a preview of the next Mars landing! On Feb. 18, our @NASAPersevere rover will arrive at the Red‚Ä¶ https://t.co/rHRhIrzXWR
Wed Jan 27 21:22:15 +0000 2021	RT @NASAMars: Don't forget to join us for today's briefing at 4:30pm ET (21:30 UTC): https://t.co/fGItMYWnFR Tag your questions #Countdown‚Ä¶
Wed Jan 27 20:04:59 +0000 2021	Just 22 more days until we #CountdownToMars. Our @NASAPersevere rover is nearing the end of its 292.5-million-mile‚Ä¶ https://t.co/DtT1K7l9GF
Wed Jan 27 19:32:23 +0000 2021	RT @NASAExoplanets: üì£Discovery alert!üì£In a first, astronomers find a system of six stars made of three eclipsing binaries. Stars orbit the‚Ä¶
Wed Jan 27 19:15:05 +0000 2021	RT @Space_Station: .@Astro_Illini and @AstroVicGlover completed today's spacewalk at 1:24pm ET after installing a new science antenna then‚Ä¶
Wed Jan 27 18:36:21 +0000 2021	That's a wrap! @Astro_illini and @AstroVicGlover concluded today's spacewalk at 1:24pm ET, following a 6-hour and 5‚Ä¶ https://t.co/JE1eRgQtFx
Wed Jan 27 18:01:20 +0000 2021	Success! With a bit of strength and skill, @Astro_illini removed the H-fixture from the @Space_Station, opening the‚Ä¶ https://t.co/qw0zfcfn9X
Wed Jan 27 17:45:42 +0000 2021	@sccjono Hi there! Astronauts are trained to always release an object retrograde (backward) and sometimes slightly‚Ä¶ https://t.co/giSUP5gNna
Wed Jan 27 17:30:07 +0000 2021	Six hours into the 233rd spacewalk at the @Space_Station, @AstroVicGlover and @Astro_illini are conducting their fi‚Ä¶ https://t.co/OdtVy3ldV5
Wed Jan 27 16:46:56 +0000 2021	@misscincy14 @MasonSchools Thank you for watching with us! Hi, 5th graders of Mason! See you in space.üòéüöÄ https://t.co/lsQDYcf42p
Wed Jan 27 16:30:23 +0000 2021	@johnedugan @SAVAKband https://t.co/TGORjSyFMi
Wed Jan 27 16:13:55 +0000 2021	Countdown 3, 2, 1... @AstroVicGlover jettisons, or releases, an antenna cover as it no longer sparks joy and is n‚Ä¶ https://t.co/2eO9gdZh2A
Wed Jan 27 15:23:35 +0000 2021	Check out this detailed rundown for more on the issues our spacewalking duo are tackling with mission control and a‚Ä¶ https://t.co/yqu4X5VvYL
Wed Jan 27 15:12:23 +0000 2021	Just tuning in to today‚Äôs spacewalk? @AstroVicGlover and @Astro_illini are working with teams in mission control to‚Ä¶ https://t.co/VZenMqxcb8
Wed Jan 27 14:59:16 +0000 2021	@SanGrownUn1 @AstroVicGlover @Astro_illini @esa Thank you for watching with us, Stephen! üí´ https://t.co/UQeZHB9j1K
Wed Jan 27 14:58:34 +0000 2021	@star95011 Good morning, Cassandra! Have a stellar day! üåü https://t.co/a0T8XlAvb9
Wed Jan 27 14:28:32 +0000 2021	RT @ISS_Research: Today‚Äôs spacewalk helps expand science capabilities on the @Space_Station through work on @ESA's Bartolomeo facility. Pot‚Ä¶
Wed Jan 27 14:07:34 +0000 2021	ICYMI: @AstroVicGlover hitched a pretty sweet ride to his workstation earlier. Now, he's working with @Astro_illini‚Ä¶ https://t.co/Tyw6FRdj9O
Wed Jan 27 13:38:24 +0000 2021	Hearing ‚ÄúIke‚Äù a lot during today‚Äôs spacewalk? That‚Äôs @AstroVicGlover‚Äôs nickname! Here‚Äôs how you can keep track of w‚Ä¶ https://t.co/DqDO8tuTjU
Wed Jan 27 13:31:15 +0000 2021	@Kirstyxxcxx @Space_Station @AstroVicGlover @Astro_illini @esa Hey, Blake! üëãAstronaut training can take around two‚Ä¶ https://t.co/hAB1bOE7x3
Wed Jan 27 13:23:47 +0000 2021	RT @Space_Station: The spacewalkers just installed a new antenna on @ESA's Columbus lab module that will send and receive high-bandwidth sc‚Ä¶
Wed Jan 27 13:10:20 +0000 2021	@anneliesvandam @Space_Station @AstroVicGlover @Astro_illini @esa Good luck to them! https://t.co/Gvt1HqfItF
Wed Jan 27 13:07:20 +0000 2021	@Justice30 @Space_Station @AstroVicGlover @Astro_illini @esa Thank you for tuning in! ü§©
Wed Jan 27 13:06:15 +0000 2021	@ISSstats Today's spacewalk is targeted to be around 6.5 hours but the duo are ahead of schedule! This will be Mike's third spacewalk.
Wed Jan 27 13:01:11 +0000 2021	New to spacewalks? Here‚Äôs some useful lingo:‚ñ™Ô∏èAPFR = Articulating Portable Foot Restraint (foot hold)‚ñ™Ô∏èEMU = Ext‚Ä¶ https://t.co/9fIf9f7PKO
Wed Jan 27 12:17:09 +0000 2021	Now a little over 45-minutes into today's spacewalk, @AstroVicGlover  is secured in @csa_asc's #Canadarm2 and is ma‚Ä¶ https://t.co/SfoAE5n42G
Wed Jan 27 12:04:28 +0000 2021	During his first spacewalk outside the @Space_Station, @AstroVicGlover will get a ride to his workstation from fell‚Ä¶ https://t.co/9V9PqoT6Lu
Wed Jan 27 11:32:50 +0000 2021	‚úÖ We‚Äôve got the green light ‚ÄòGO‚Äô as our @NASA_Astronauts set their spacesuits to battery power at 6:28am ET  ‚Äì offi‚Ä¶ https://t.co/i9QJemVfpX
Wed Jan 27 11:01:33 +0000 2021	RT @Space_Station: .@Astro_Soichi closed the Quest crew lock's hatch with @Astro_Illini and @AstroVicGlover inside. After depressurization‚Ä¶
Wed Jan 27 10:30:50 +0000 2021	LIVE NOW: Spacewalk with astronauts outside the @Space_Station! Tune in as @AstroVicGlover &amp; @Astro_illini perform‚Ä¶ https://t.co/jen7NICEtb
Wed Jan 27 10:15:49 +0000 2021	Rise and shine. ‚òïÔ∏è‚òÄÔ∏è It's spacewalk time. Tune in live at 5:30am ET as @AstroVicGlover and @Astro_illini prepare to‚Ä¶ https://t.co/Ot2sXkoRQ6
Wed Jan 27 01:55:19 +0000 2021	Suit up and step out for some Earth views: it's spacewalk time.Watch NASA TV tomorrow starting at 5:30am ET for‚Ä¶ https://t.co/oJsV9bnWbp
Tue Jan 26 23:25:01 +0000 2021	üî¥ The #CountdownToMars continues!Our @NASAPersevere Mars rover will land on the Red Planet, but HOW? Mission engi‚Ä¶ https://t.co/zWbI0NdwyP
Tue Jan 26 22:10:32 +0000 2021	üöÄ In case you missed it: During #Inauguration2021 activities last week, @NASA_Astronauts aboard the @Space_Station‚Ä¶ https://t.co/56ozjH3zAx
Tue Jan 26 21:48:29 +0000 2021	RT @NASAPersevere: Mars awaits. Are you ready?As I approach the Red Planet, members of my team will discuss details about my upcoming lan‚Ä¶
Tue Jan 26 20:04:46 +0000 2021	RT @NASAMoon: A Moon crater just got a new name: Tooley crater. This 7 km wide depression near the Moon's South Pole is named after the lat‚Ä¶
Tue Jan 26 19:28:00 +0000 2021	With bits of space rock aboard, @OSIRISREx will begin its journey back to Earth on May 10. The mission‚Ä¶ https://t.co/UPr4Lbegux
Tue Jan 26 17:46:10 +0000 2021	@startrekcbs @NASAGoddard üññ Thanks for watching!
Tue Jan 26 17:30:39 +0000 2021	üìñ LIVE: Tune in for Story Time from Space! From the @Space_Station, Shannon Walker of @NASA_Astronauts reads the‚Ä¶ https://t.co/lf0YXSGv87
Tue Jan 26 17:19:09 +0000 2021	RT @NASA_Johnson: üìö Story time! üìöNASA astronaut Shannon Walker will read a children's book called Willow the Water Bear LIVE from the @‚Ä¶
Tue Jan 26 16:24:12 +0000 2021	üì∏ Just in: new views of our solar system! Our @NASASun missions Parker Solar Probe, and STEREO spacecraft, as well‚Ä¶ https://t.co/MlQJjl5aq1
Tue Jan 26 15:57:21 +0000 2021	@aliawhs Hi there! The @Space_Station zooms around Earth at about 17,500 mph (about 28,000 kph), but our‚Ä¶ https://t.co/qNHm3LwuIS
Tue Jan 26 15:33:52 +0000 2021	@welshrob87 Spectacular shot. Thanks for sharing! üåü
Mon Jan 25 23:26:17 +0000 2021	RT @Space_Station: The @SpaceX #CrewDragon spacecraft, with its two lit crew windows, is pictured docked to the Harmony module's internatio‚Ä¶
Mon Jan 25 23:14:47 +0000 2021	RT @Dr_ThomasZ: Our program that connects #NASAScience with learners of all ages has just selected 9 new awardees to help us broaden partic‚Ä¶
Mon Jan 25 21:05:06 +0000 2021	Scientists with the Oceans Melting Greenland mission have discovered that glaciers in Greenland‚Äôs deep fjords accou‚Ä¶ https://t.co/HoylowpKcf
Mon Jan 25 15:33:01 +0000 2021	@vlvucina Yes, Vicky! Science for all! ‚≠êÔ∏è https://t.co/x6IpeRjcjD
Mon Jan 25 15:24:00 +0000 2021	With @BoeingSpace, we are now targeting launch of the #Starliner spacecraft's second uncrewed flight test for March‚Ä¶ https://t.co/SA7yj5VgQi
Sun Jan 24 22:25:07 +0000 2021	How dark is space? @NASANewHorizons has the answers. Learn about the latest findings: https://t.co/L7fAWvtDCy https://t.co/7UkCnEYp3B
Sun Jan 24 19:55:01 +0000 2021	‚ÄúIt‚Äôs heart stopping.‚Äù‚ÄúIt‚Äôs soul pounding.‚Äù ‚ÄúIt‚Äôs breathtaking.‚Äù üòç Take in a new perspective of Earth as seen t‚Ä¶ https://t.co/5YFkFUtTx9
Sun Jan 24 19:52:29 +0000 2021	RT @Space_Station: .@Astro_Illini and @AstroVicGlover are getting ready for a pair of 6.5-hour spacewalks on Jan. 27 and Feb. 1 to upgrade‚Ä¶
Sat Jan 23 21:59:16 +0000 2021	RT @Space_Station: The station's orbit takes it as high 51.6¬∞ above the equator offering awe-inspiring views of the Earth's aurora in betwe‚Ä¶
Sat Jan 23 21:26:11 +0000 2021	RT @NASA_Johnson: The @Nanoracks Bishop Airlock made its way to the @Space_Station recently. It‚Äôs a commercial module with a variety of int‚Ä¶
Sat Jan 23 20:45:01 +0000 2021	A galaxy far, far away...50 million light years from Earth, in the constellation of Virgo, the lost galaxy NGC‚Ä¶ https://t.co/skf4JBVol0
Sat Jan 23 17:32:00 +0000 2021	Today, we commemorate the 80th anniversary of @NASAGlenn, established by the National Advisory Committee for Aerona‚Ä¶ https://t.co/iyUilCeWID
Sat Jan 23 01:57:25 +0000 2021	This week...üî• An update on the @NASA_SLS rocket core hot fire test‚õΩ Our @NASA_Orion spacecraft is ready to fuel‚Ä¶ https://t.co/d0xJ1xpB9L
Fri Jan 22 23:08:00 +0000 2021	A new study shows that the seven TRAPPIST-1 planets ‚Äî the largest group of Earth-size planets ever found in a singl‚Ä¶ https://t.co/FlnGkTcnqh
Fri Jan 22 20:00:42 +0000 2021	LIVE: Experts at @NASA_Johnson preview two spacewalks set for Jan. 27 &amp; Feb. 1. @Astro_illini &amp; @AstroVicGlover wil‚Ä¶ https://t.co/n3LO5bBHm8
Fri Jan 22 19:19:29 +0000 2021	RT @Space_Station: We are answering your #AskNASA questions live on @NASA TV during a briefing starting at 3pm ET today to discuss two upco‚Ä¶
Fri Jan 22 18:24:04 +0000 2021	RT @NASA_Technology: Two CubeSat missions ‚Äì one to develop the next generation of communication &amp; navigation tech and one to demonstrate a‚Ä¶
Fri Jan 22 17:57:08 +0000 2021	Spacewalk prep underway üíá‚Äç‚ôÇÔ∏è üë®‚ÄçüöÄ ‚úÖ The crew aboard the @Space_Station is getting set for a stretch of spacewalks‚Ä¶ https://t.co/5J5shoedjw
Fri Jan 22 16:32:00 +0000 2021	.@NorthropGrumman‚Äôs 15th commercial resupply mission is targeting liftoff Feb. 20 from @NASA_Wallops, to deliver 3‚Ä¶ https://t.co/SB9HT8UerU
Fri Jan 22 02:07:02 +0000 2021	RT @Space_Station: We are answering your #AskNASA questions live on @NASA TV during a spacewalk briefing on Friday at 3pm ET. @Astro_illini‚Ä¶
Thu Jan 21 23:33:45 +0000 2021	ICYMI: A reminder of our @NASAArtemis pledge to return to the Moon now sits in the Oval Office. Learn more about th‚Ä¶ https://t.co/d7mPSS15M9
Thu Jan 21 22:32:05 +0000 2021	When @NASAPersevere touches down on the Red Planet in 28 days, so will an experimental helicopter attempting the fi‚Ä¶ https://t.co/77XXMzqf4c
Thu Jan 21 21:37:30 +0000 2021	RT @NASAArtemis: The Green Run hot fire test sought to acquire test data to support 23 verification objectives, which are used to certify t‚Ä¶
Thu Jan 21 20:14:52 +0000 2021	RT @NASASun: #ParkerSolarProbe has sent a good status signal after its 7th solar flyby this weekend! ‚úÖ The geometry of this orbit gave scie‚Ä¶
Wed Jan 20 16:02:46 +0000 2021	RT @JimBridenstine: It has been my great honor to serve as your @NASA Administrator. I will miss the amazing NASA family and will forever b‚Ä¶
Wed Jan 20 01:10:01 +0000 2021	In coordination with @csa_asc, our new @NASAPrize, the Deep Space Food Challenge, offers up to a $500K prize purse‚Ä¶ https://t.co/pTKQrXRBPU
Tue Jan 19 22:35:16 +0000 2021	LIVE: Get the latest on our @NASA_SLS rocket for #Artemis missions. Administrator @JimBridenstine, human spacefligh‚Ä¶ https://t.co/hiFksrcNPL
Tue Jan 19 22:19:50 +0000 2021	@ElsbethDen Hi again! Spacesuits are equipped with water pouches so astronauts can turn their heads and drink from‚Ä¶ https://t.co/3eP4P0lPNB
Tue Jan 19 22:16:09 +0000 2021	@ElsbethDen Hi Elsbeth! We're sorry we didn't get to your question last time, but we love talking to people all aro‚Ä¶ https://t.co/ka6YjgSYxg
Tue Jan 19 21:58:35 +0000 2021	@WillertBrigitte Thank you, Brigitte! Our astronauts are ready! üåü https://t.co/yIqWOCQEke
Tue Jan 19 20:56:00 +0000 2021	Tune in at 5:30pm ET for a news update on last Saturday's hot fire of the @NASA_SLS core stage. Administrator‚Ä¶ https://t.co/RGL5MlcfLp
Tue Jan 19 17:15:00 +0000 2021	Astronauts @AstroVicGlover and @Astro_illini will conduct two spacewalks for @Space_Station upgrades on Jan. 27 and‚Ä¶ https://t.co/l8gZuLt5AQ
Tue Jan 19 16:32:22 +0000 2021	RT @KathyLueders: NASA inspections show core stage and engines for @NASA_SLS in excellent shape. Data show test parameters used for ground‚Ä¶
Tue Jan 19 01:27:06 +0000 2021	RT @NASAaero: Hitching a ride on @NASAPersevere, the Mars Helicopter, Ingenuity, is a technology demonstration to test powered flight on an‚Ä¶
Mon Jan 18 21:34:39 +0000 2021	RT @Astro_Jessica: On #MLKDay 1 year ago, @Astro_Christina &amp; I completed our 3rd spacewalk together @Space_Station. We took a moment to com‚Ä¶
Mon Jan 18 20:36:20 +0000 2021	RT @NASAEarth: Martin Luther King Jr. came of age in one of the fastest-growing cities in the United States, #Atlanta. #MLKDay https://t.co‚Ä¶
Mon Jan 18 16:04:00 +0000 2021	Darkness cannot drive out darkness, only light can do that. Hate cannot drive out hate, only love can do that. ‚Äî‚Ä¶ https://t.co/s3VkNy8W7F
Mon Jan 18 15:51:53 +0000 2021	RT @NASAKennedy: #ICYMI: Over the weekend, @NASA_Orion was transported to its next location, the Multi-Payload Processing Facility.Here,‚Ä¶
Mon Jan 18 15:09:26 +0000 2021	RT @NASAInterns: #CountdownToMars with us! üî¥ We are now one month away from @NASAPersevere landing on February 18. Join us on this adventur‚Ä¶
Mon Jan 18 02:37:26 +0000 2021	RT @JimBridenstine: Green Run @NASA_SLS hot fire, T-0 time at 5:27 pm ET, lasting 67.2 sec. Engine ignition at 6 sec. prior to T-0, in sequ‚Ä¶
Sun Jan 17 20:08:06 +0000 2021	üöÄ 10.9 million names from around the WORLD are on their way to Mars right now aboard our @NASAPersevere rover. If‚Ä¶ https://t.co/1R5Gewtks5
Sun Jan 17 19:42:47 +0000 2021	RT @NASA_LSP: LauncherOne has been released from Cosmic Girl and its NewtonThree main stage engine has ignited. The 10 CubeSats of ELaNa 20‚Ä¶
Sun Jan 17 17:44:53 +0000 2021	RT @Dr_ThomasZ: A NASA small satellite mission designed to study how small particles collide and aggregate in microgravity is scheduled to‚Ä¶
Sun Jan 17 17:18:43 +0000 2021	RT @NASA_LSP: #DYK: @NASA's ELaNa missions provide a deployment opportunity for CubeSat projects developed by students, educational institu‚Ä¶
Sun Jan 17 02:50:22 +0000 2021	On Saturday, we conducted a hot fire test of the core stage for the @NASA_SLS rocket that will launch @NASAArtemis‚Ä¶ https://t.co/0ZWBXXqosf
Sun Jan 17 02:16:22 +0000 2021	RT @nasahqphoto: Today, @NASA, @BoeingSpace, and @AerojetRdyne held the Green Run hot fire test. Take a look at the imagery we captured o‚Ä¶
Sun Jan 17 02:01:05 +0000 2021	Now we've got to go figure out what made it make that decision, make some adjustments, and fix it. For more inf‚Ä¶ https://t.co/5284o2Ve7G
Sun Jan 17 02:00:05 +0000 2021	The test article that is behind us is also the flight hardware that will launch Orion to the Moon. This is unique.‚Ä¶ https://t.co/Ehb7uX2L1g
Sun Jan 17 01:30:57 +0000 2021	.@NASA_SLS program manager John Honeycutt provides a summary of today's rocket core stage test at @NASAStennis: https://t.co/RwpFwoiEli
Sun Jan 17 01:14:14 +0000 2021	I want people to be encouraged because the future is very bright, and certainly we're going to learn a lot from th‚Ä¶ https://t.co/b5FAS61fMO
Sun Jan 17 01:06:54 +0000 2021	LIVE NOW: An update on today's @NASA_SLS engine hot fire test: https://t.co/dEuw8RpGn8 https://t.co/dEuw8RpGn8
Sun Jan 17 00:16:47 +0000 2021	UPDATE: The post-test briefing is now targeted for approximately 8:00pm ET. https://t.co/srrhVNAa7C
Sat Jan 16 23:47:50 +0000 2021	Today's @NASA_SLS core stage engine test ended about one minute into the expected eight-minute hot fire. Teams will‚Ä¶ https://t.co/UqLqlxswYE
Sat Jan 16 22:39:59 +0000 2021	Watch all four @NASA_SLS core stage engines roar to life and shake the ground in Mississippi. Teams are assessing‚Ä¶ https://t.co/VLHFSPD3ne
